{
  "prefix": ".",
  "Language": "en-US",
  "plugins": ["Fun", "Guild", "Image", "Level", "Misc", "Moderation", "Music", "NSFW", "Plugins", "Searcher" , "social"],
  "LevelOption": 5,
  "LevelMessage": "نایس {user}, سطح شما ارتقا پیدا کرد به »: {level}!",
  "LevelMultiplier": 10,
  "PlayerImage":"https://cdn.discordapp.com/attachments/815173870721957889/950667806737854524/2196102.jpg",
  "PlayerImageIdle":"https://cdn.discordapp.com/attachments/900917419927797801/948478808330231808/CanineSameEwe-max-1mb.gif",
  "PlayerdefultImage":"https://cdn.discordapp.com/attachments/815173870721957889/948370505952555038/mUsic.gif",
  "PlayerIcon":"https://cdn.discordapp.com/attachments/847249803565596683/938998808291967017/a38cc4d49e8f32f92a346265f7c050ea.png",
  "PlayerVersion" : "v2.3",
  "Auto_Moderation": {
    "IgnoreBot": true,
    "Badwords": {
      "option": 1,
      "list": ["badword"],
      "filter": "levDev",
      "IgnoreChannel": ["761612724370931722"],
      "IgnoreRole": ["766029837017153576"]
    }
  }
}
